<?xml version="1.0" encoding="UTF-8"?>
<project-private xmlns="http://www.netbeans.org/ns/project-private/1">
    <data xmlns="http://www.netbeans.org/ns/make-project-private/1">
        <activeConfTypeElem>1</activeConfTypeElem>
        <activeConfIndexElem>0</activeConfIndexElem>
    </data>
    <editor-bookmarks xmlns="http://www.netbeans.org/ns/editor-bookmarks/2" lastBookmarkId="0"/>
    <open-files xmlns="http://www.netbeans.org/ns/projectui-open-files/2">
        <group>
            <file>file:/C:/Users/david/GitHub/DS/Práctica%201/S2/S2/VisitantePrecio.h</file>
            <file>file:/C:/Users/david/GitHub/DS/Práctica%201/S2/S2/Bus.h</file>
            <file>file:/C:/Users/david/GitHub/DS/Práctica%201/S2/S2/Equipo.h</file>
            <file>file:/C:/Users/david/GitHub/DS/Práctica%201/S2/S2/VisitantePrecioDetallado.h</file>
            <file>file:/C:/Users/david/GitHub/DS/Práctica%201/S2/S2/Proyecto.cpp</file>
            <file>file:/C:/Users/david/GitHub/DS/Práctica%201/S2/S2/VisitanteEquipo.h</file>
            <file>file:/C:/Users/david/GitHub/DS/Práctica%201/S2/S2/ComponenteEquipo.h</file>
            <file>file:/C:/Users/david/GitHub/DS/Práctica%201/S2/S2/Cliente.h</file>
        </group>
    </open-files>
</project-private>
